<?xml version="1.0" encoding="UTF-8" ?>
<!DOCTYPE mapper PUBLIC "-//mybatis.org//DTD Mapper 3.0//EN" "http://mybatis.org/dtd/mybatis-3-mapper.dtd" >
<mapper namespace="com.bjpowernode.crm.workbench.mapper.ActivityRemarkMapper" >
  <resultMap id="BaseResultMap" type="com.bjpowernode.crm.workbench.domain.ActivityRemark" >
    <!--
      WARNING - @mbggenerated
      This element is automatically generated by MyBatis Generator, do not modify.
      This element was generated on Sat Oct 31 14:13:10 CST 2020.
    -->
    <id column="id" property="id" jdbcType="CHAR" />
    <result column="note_content" property="noteContent" jdbcType="VARCHAR" />
    <result column="create_time" property="createTime" jdbcType="CHAR" />
    <result column="create_by" property="createBy" jdbcType="VARCHAR" />
    <result column="edit_time" property="editTime" jdbcType="CHAR" />
    <result column="edit_by" property="editBy" jdbcType="VARCHAR" />
    <result column="edit_flag" property="editFlag" jdbcType="CHAR" />
    <result column="activity_id" property="activityId" jdbcType="CHAR" />
  </resultMap>
  <sql id="Base_Column_List" >
    <!--
      WARNING - @mbggenerated
      This element is automatically generated by MyBatis Generator, do not modify.
      This element was generated on Sat Oct 31 14:13:10 CST 2020.
    -->
    id, note_content, create_time, create_by, edit_time, edit_by, edit_flag, activity_id
  </sql>
  <select id="selectByPrimaryKey" resultMap="BaseResultMap" parameterType="java.lang.String" >
    <!--
      WARNING - @mbggenerated
      This element is automatically generated by MyBatis Generator, do not modify.
      This element was generated on Sat Oct 31 14:13:10 CST 2020.
    -->
    select 
    <include refid="Base_Column_List" />
    from tbl_activity_remark
    where id = #{id,jdbcType=CHAR}
  </select>
  <delete id="deleteByPrimaryKey" parameterType="java.lang.String" >
    <!--
      WARNING - @mbggenerated
      This element is automatically generated by MyBatis Generator, do not modify.
      This element was generated on Sat Oct 31 14:13:10 CST 2020.
    -->
    delete from tbl_activity_remark
    where id = #{id,jdbcType=CHAR}
  </delete>
  <insert id="insert" parameterType="com.bjpowernode.crm.workbench.domain.ActivityRemark" >
    <!--
      WARNING - @mbggenerated
      This element is automatically generated by MyBatis Generator, do not modify.
      This element was generated on Sat Oct 31 14:13:10 CST 2020.
    -->
    insert into tbl_activity_remark (id, note_content, create_time, 
      create_by, edit_time, edit_by, 
      edit_flag, activity_id)
    values (#{id,jdbcType=CHAR}, #{noteContent,jdbcType=VARCHAR}, #{createTime,jdbcType=CHAR}, 
      #{createBy,jdbcType=VARCHAR}, #{editTime,jdbcType=CHAR}, #{editBy,jdbcType=VARCHAR}, 
      #{editFlag,jdbcType=CHAR}, #{activityId,jdbcType=CHAR})
  </insert>
  <insert id="insertSelective" parameterType="com.bjpowernode.crm.workbench.domain.ActivityRemark" >
    <!--
      WARNING - @mbggenerated
      This element is automatically generated by MyBatis Generator, do not modify.
      This element was generated on Sat Oct 31 14:13:10 CST 2020.
    -->
    insert into tbl_activity_remark
    <trim prefix="(" suffix=")" suffixOverrides="," >
      <if test="id != null" >
        id,
      </if>
      <if test="noteContent != null" >
        note_content,
      </if>
      <if test="createTime != null" >
        create_time,
      </if>
      <if test="createBy != null" >
        create_by,
      </if>
      <if test="editTime != null" >
        edit_time,
      </if>
      <if test="editBy != null" >
        edit_by,
      </if>
      <if test="editFlag != null" >
        edit_flag,
      </if>
      <if test="activityId != null" >
        activity_id,
      </if>
    </trim>
    <trim prefix="values (" suffix=")" suffixOverrides="," >
      <if test="id != null" >
        #{id,jdbcType=CHAR},
      </if>
      <if test="noteContent != null" >
        #{noteContent,jdbcType=VARCHAR},
      </if>
      <if test="createTime != null" >
        #{createTime,jdbcType=CHAR},
      </if>
      <if test="createBy != null" >
        #{createBy,jdbcType=VARCHAR},
      </if>
      <if test="editTime != null" >
        #{editTime,jdbcType=CHAR},
      </if>
      <if test="editBy != null" >
        #{editBy,jdbcType=VARCHAR},
      </if>
      <if test="editFlag != null" >
        #{editFlag,jdbcType=CHAR},
      </if>
      <if test="activityId != null" >
        #{activityId,jdbcType=CHAR},
      </if>
    </trim>
  </insert>
  <update id="updateByPrimaryKeySelective" parameterType="com.bjpowernode.crm.workbench.domain.ActivityRemark" >
    <!--
      WARNING - @mbggenerated
      This element is automatically generated by MyBatis Generator, do not modify.
      This element was generated on Sat Oct 31 14:13:10 CST 2020.
    -->
    update tbl_activity_remark
    <set >
      <if test="noteContent != null" >
        note_content = #{noteContent,jdbcType=VARCHAR},
      </if>
      <if test="createTime != null" >
        create_time = #{createTime,jdbcType=CHAR},
      </if>
      <if test="createBy != null" >
        create_by = #{createBy,jdbcType=VARCHAR},
      </if>
      <if test="editTime != null" >
        edit_time = #{editTime,jdbcType=CHAR},
      </if>
      <if test="editBy != null" >
        edit_by = #{editBy,jdbcType=VARCHAR},
      </if>
      <if test="editFlag != null" >
        edit_flag = #{editFlag,jdbcType=CHAR},
      </if>
      <if test="activityId != null" >
        activity_id = #{activityId,jdbcType=CHAR},
      </if>
    </set>
    where id = #{id,jdbcType=CHAR}
  </update>
  <update id="updateByPrimaryKey" parameterType="com.bjpowernode.crm.workbench.domain.ActivityRemark" >
    <!--
      WARNING - @mbggenerated
      This element is automatically generated by MyBatis Generator, do not modify.
      This element was generated on Sat Oct 31 14:13:10 CST 2020.
    -->
    update tbl_activity_remark
    set note_content = #{noteContent,jdbcType=VARCHAR},
      create_time = #{createTime,jdbcType=CHAR},
      create_by = #{createBy,jdbcType=VARCHAR},
      edit_time = #{editTime,jdbcType=CHAR},
      edit_by = #{editBy,jdbcType=VARCHAR},
      edit_flag = #{editFlag,jdbcType=CHAR},
      activity_id = #{activityId,jdbcType=CHAR}
    where id = #{id,jdbcType=CHAR}
  </update>

  <select id="selectActivityRemarkForDetailByActivityId" parameterType="string" resultMap="BaseResultMap">
    select ar.id,ar.note_content,ar.create_time,u1.name as create_by,ar.edit_time,u2.name as edit_by,ar.edit_flag
    from tbl_activity_remark ar
    join tbl_user u1 on ar.create_by=u1.id
    left join tbl_user u2 on ar.edit_by=u2.id
    where ar.activity_id=#{activityId}
    order by ar.create_time asc
  </select>

  <insert id="insertActivityRemark" parameterType="com.bjpowernode.crm.workbench.domain.ActivityRemark">
    insert into tbl_activity_remark(id, note_content, create_time, create_by, edit_flag, activity_id)
    values(#{id},#{ noteContent},#{ createTime},#{ createBy},#{ editFlag},#{ activityId})
  </insert>

  <delete id="deleteActivityRemarkById" parameterType="string">
    delete from tbl_activity_remark where id=#{id}
  </delete>

    <update id="updateActivityRemark" parameterType="com.bjpowernode.crm.workbench.domain.ActivityRemark">
      update tbl_activity_remark
      set note_content=#{noteContent},edit_time=#{editTime},edit_by=#{editBy},edit_flag=#{editFlag}
      where id=#{id}
    </update>
</mapper>