<?xml version="1.0" encoding="UTF-8" ?>
<!DOCTYPE mapper PUBLIC "-//mybatis.org//DTD Mapper 3.0//EN" "http://mybatis.org/dtd/mybatis-3-mapper.dtd" >
<mapper namespace="com.bjpowernode.crm.workbench.mapper.ClueMapper" >
  <resultMap id="BaseResultMap" type="com.bjpowernode.crm.workbench.domain.Clue" >
    <!--
      WARNING - @mbggenerated
      This element is automatically generated by MyBatis Generator, do not modify.
      This element was generated on Tue Nov 03 17:43:22 CST 2020.
    -->
    <id column="id" property="id" jdbcType="CHAR" />
    <result column="fullname" property="fullname" jdbcType="VARCHAR" />
    <result column="appellation" property="appellation" jdbcType="VARCHAR" />
    <result column="owner" property="owner" jdbcType="CHAR" />
    <result column="company" property="company" jdbcType="VARCHAR" />
    <result column="job" property="job" jdbcType="VARCHAR" />
    <result column="email" property="email" jdbcType="VARCHAR" />
    <result column="phone" property="phone" jdbcType="VARCHAR" />
    <result column="website" property="website" jdbcType="VARCHAR" />
    <result column="mphone" property="mphone" jdbcType="VARCHAR" />
    <result column="state" property="state" jdbcType="VARCHAR" />
    <result column="source" property="source" jdbcType="VARCHAR" />
    <result column="create_by" property="createBy" jdbcType="VARCHAR" />
    <result column="create_time" property="createTime" jdbcType="CHAR" />
    <result column="edit_by" property="editBy" jdbcType="VARCHAR" />
    <result column="edit_time" property="editTime" jdbcType="CHAR" />
    <result column="description" property="description" jdbcType="VARCHAR" />
    <result column="contact_summary" property="contactSummary" jdbcType="VARCHAR" />
    <result column="next_contact_time" property="nextContactTime" jdbcType="CHAR" />
    <result column="address" property="address" jdbcType="VARCHAR" />
  </resultMap>
  <sql id="Base_Column_List" >
    <!--
      WARNING - @mbggenerated
      This element is automatically generated by MyBatis Generator, do not modify.
      This element was generated on Tue Nov 03 17:43:22 CST 2020.
    -->
    id, fullname, appellation, owner, company, job, email, phone, website, mphone, state, 
    source, create_by, create_time, edit_by, edit_time, description, contact_summary, 
    next_contact_time, address
  </sql>
  <select id="selectByPrimaryKey" resultMap="BaseResultMap" parameterType="java.lang.String" >
    <!--
      WARNING - @mbggenerated
      This element is automatically generated by MyBatis Generator, do not modify.
      This element was generated on Tue Nov 03 17:43:22 CST 2020.
    -->
    select 
    <include refid="Base_Column_List" />
    from tbl_clue
    where id = #{id,jdbcType=CHAR}
  </select>
  <delete id="deleteByPrimaryKey" parameterType="java.lang.String" >
    <!--
      WARNING - @mbggenerated
      This element is automatically generated by MyBatis Generator, do not modify.
      This element was generated on Tue Nov 03 17:43:22 CST 2020.
    -->
    delete from tbl_clue
    where id = #{id,jdbcType=CHAR}
  </delete>
  <insert id="insert" parameterType="com.bjpowernode.crm.workbench.domain.Clue" >
    <!--
      WARNING - @mbggenerated
      This element is automatically generated by MyBatis Generator, do not modify.
      This element was generated on Tue Nov 03 17:43:22 CST 2020.
    -->
    insert into tbl_clue (id, fullname, appellation, 
      owner, company, job, email, 
      phone, website, mphone, 
      state, source, create_by, 
      create_time, edit_by, edit_time, 
      description, contact_summary, next_contact_time, 
      address)
    values (#{id,jdbcType=CHAR}, #{fullname,jdbcType=VARCHAR}, #{appellation,jdbcType=VARCHAR}, 
      #{owner,jdbcType=CHAR}, #{company,jdbcType=VARCHAR}, #{job,jdbcType=VARCHAR}, #{email,jdbcType=VARCHAR}, 
      #{phone,jdbcType=VARCHAR}, #{website,jdbcType=VARCHAR}, #{mphone,jdbcType=VARCHAR}, 
      #{state,jdbcType=VARCHAR}, #{source,jdbcType=VARCHAR}, #{createBy,jdbcType=VARCHAR}, 
      #{createTime,jdbcType=CHAR}, #{editBy,jdbcType=VARCHAR}, #{editTime,jdbcType=CHAR}, 
      #{description,jdbcType=VARCHAR}, #{contactSummary,jdbcType=VARCHAR}, #{nextContactTime,jdbcType=CHAR}, 
      #{address,jdbcType=VARCHAR})
  </insert>
  <insert id="insertSelective" parameterType="com.bjpowernode.crm.workbench.domain.Clue" >
    <!--
      WARNING - @mbggenerated
      This element is automatically generated by MyBatis Generator, do not modify.
      This element was generated on Tue Nov 03 17:43:22 CST 2020.
    -->
    insert into tbl_clue
    <trim prefix="(" suffix=")" suffixOverrides="," >
      <if test="id != null" >
        id,
      </if>
      <if test="fullname != null" >
        fullname,
      </if>
      <if test="appellation != null" >
        appellation,
      </if>
      <if test="owner != null" >
        owner,
      </if>
      <if test="company != null" >
        company,
      </if>
      <if test="job != null" >
        job,
      </if>
      <if test="email != null" >
        email,
      </if>
      <if test="phone != null" >
        phone,
      </if>
      <if test="website != null" >
        website,
      </if>
      <if test="mphone != null" >
        mphone,
      </if>
      <if test="state != null" >
        state,
      </if>
      <if test="source != null" >
        source,
      </if>
      <if test="createBy != null" >
        create_by,
      </if>
      <if test="createTime != null" >
        create_time,
      </if>
      <if test="editBy != null" >
        edit_by,
      </if>
      <if test="editTime != null" >
        edit_time,
      </if>
      <if test="description != null" >
        description,
      </if>
      <if test="contactSummary != null" >
        contact_summary,
      </if>
      <if test="nextContactTime != null" >
        next_contact_time,
      </if>
      <if test="address != null" >
        address,
      </if>
    </trim>
    <trim prefix="values (" suffix=")" suffixOverrides="," >
      <if test="id != null" >
        #{id,jdbcType=CHAR},
      </if>
      <if test="fullname != null" >
        #{fullname,jdbcType=VARCHAR},
      </if>
      <if test="appellation != null" >
        #{appellation,jdbcType=VARCHAR},
      </if>
      <if test="owner != null" >
        #{owner,jdbcType=CHAR},
      </if>
      <if test="company != null" >
        #{company,jdbcType=VARCHAR},
      </if>
      <if test="job != null" >
        #{job,jdbcType=VARCHAR},
      </if>
      <if test="email != null" >
        #{email,jdbcType=VARCHAR},
      </if>
      <if test="phone != null" >
        #{phone,jdbcType=VARCHAR},
      </if>
      <if test="website != null" >
        #{website,jdbcType=VARCHAR},
      </if>
      <if test="mphone != null" >
        #{mphone,jdbcType=VARCHAR},
      </if>
      <if test="state != null" >
        #{state,jdbcType=VARCHAR},
      </if>
      <if test="source != null" >
        #{source,jdbcType=VARCHAR},
      </if>
      <if test="createBy != null" >
        #{createBy,jdbcType=VARCHAR},
      </if>
      <if test="createTime != null" >
        #{createTime,jdbcType=CHAR},
      </if>
      <if test="editBy != null" >
        #{editBy,jdbcType=VARCHAR},
      </if>
      <if test="editTime != null" >
        #{editTime,jdbcType=CHAR},
      </if>
      <if test="description != null" >
        #{description,jdbcType=VARCHAR},
      </if>
      <if test="contactSummary != null" >
        #{contactSummary,jdbcType=VARCHAR},
      </if>
      <if test="nextContactTime != null" >
        #{nextContactTime,jdbcType=CHAR},
      </if>
      <if test="address != null" >
        #{address,jdbcType=VARCHAR},
      </if>
    </trim>
  </insert>
  <update id="updateByPrimaryKeySelective" parameterType="com.bjpowernode.crm.workbench.domain.Clue" >
    <!--
      WARNING - @mbggenerated
      This element is automatically generated by MyBatis Generator, do not modify.
      This element was generated on Tue Nov 03 17:43:22 CST 2020.
    -->
    update tbl_clue
    <set >
      <if test="fullname != null" >
        fullname = #{fullname,jdbcType=VARCHAR},
      </if>
      <if test="appellation != null" >
        appellation = #{appellation,jdbcType=VARCHAR},
      </if>
      <if test="owner != null" >
        owner = #{owner,jdbcType=CHAR},
      </if>
      <if test="company != null" >
        company = #{company,jdbcType=VARCHAR},
      </if>
      <if test="job != null" >
        job = #{job,jdbcType=VARCHAR},
      </if>
      <if test="email != null" >
        email = #{email,jdbcType=VARCHAR},
      </if>
      <if test="phone != null" >
        phone = #{phone,jdbcType=VARCHAR},
      </if>
      <if test="website != null" >
        website = #{website,jdbcType=VARCHAR},
      </if>
      <if test="mphone != null" >
        mphone = #{mphone,jdbcType=VARCHAR},
      </if>
      <if test="state != null" >
        state = #{state,jdbcType=VARCHAR},
      </if>
      <if test="source != null" >
        source = #{source,jdbcType=VARCHAR},
      </if>
      <if test="createBy != null" >
        create_by = #{createBy,jdbcType=VARCHAR},
      </if>
      <if test="createTime != null" >
        create_time = #{createTime,jdbcType=CHAR},
      </if>
      <if test="editBy != null" >
        edit_by = #{editBy,jdbcType=VARCHAR},
      </if>
      <if test="editTime != null" >
        edit_time = #{editTime,jdbcType=CHAR},
      </if>
      <if test="description != null" >
        description = #{description,jdbcType=VARCHAR},
      </if>
      <if test="contactSummary != null" >
        contact_summary = #{contactSummary,jdbcType=VARCHAR},
      </if>
      <if test="nextContactTime != null" >
        next_contact_time = #{nextContactTime,jdbcType=CHAR},
      </if>
      <if test="address != null" >
        address = #{address,jdbcType=VARCHAR},
      </if>
    </set>
    where id = #{id,jdbcType=CHAR}
  </update>
  <update id="updateByPrimaryKey" parameterType="com.bjpowernode.crm.workbench.domain.Clue" >
    <!--
      WARNING - @mbggenerated
      This element is automatically generated by MyBatis Generator, do not modify.
      This element was generated on Tue Nov 03 17:43:22 CST 2020.
    -->
    update tbl_clue
    set fullname = #{fullname,jdbcType=VARCHAR},
      appellation = #{appellation,jdbcType=VARCHAR},
      owner = #{owner,jdbcType=CHAR},
      company = #{company,jdbcType=VARCHAR},
      job = #{job,jdbcType=VARCHAR},
      email = #{email,jdbcType=VARCHAR},
      phone = #{phone,jdbcType=VARCHAR},
      website = #{website,jdbcType=VARCHAR},
      mphone = #{mphone,jdbcType=VARCHAR},
      state = #{state,jdbcType=VARCHAR},
      source = #{source,jdbcType=VARCHAR},
      create_by = #{createBy,jdbcType=VARCHAR},
      create_time = #{createTime,jdbcType=CHAR},
      edit_by = #{editBy,jdbcType=VARCHAR},
      edit_time = #{editTime,jdbcType=CHAR},
      description = #{description,jdbcType=VARCHAR},
      contact_summary = #{contactSummary,jdbcType=VARCHAR},
      next_contact_time = #{nextContactTime,jdbcType=CHAR},
      address = #{address,jdbcType=VARCHAR}
    where id = #{id,jdbcType=CHAR}
  </update>

  <insert id="insertClue" parameterType="com.bjpowernode.crm.workbench.domain.Clue">
    insert into tbl_clue(id, fullname, appellation, owner, company, job, email, phone, website, mphone, state,source, create_by, create_time, description, contact_summary,next_contact_time, address)
    values (#{id},#{ fullname},#{ appellation},#{ owner},#{ company},#{ job},#{ email},#{ phone},#{ website},#{ mphone},#{ state},#{source},#{ createBy},#{ createTime},#{ description},#{ contactSummary},#{nextContactTime},#{ address})
  </insert>

  <select id="selectClueForDetailById" parameterType="string" resultMap="BaseResultMap">
    select c.id,c.fullname,dv1.value as appellation,u1.name as owner,c.company,c.job,c.email,c.phone,c.website,
          c.mphone,dv2.value as state,dv3.value as source,u2.name as create_by,c.create_time,u3.name as edit_by,
          c.edit_time,c.description,c.contact_summary,c.next_contact_time,c.address
    from tbl_clue c
    left join tbl_dic_value dv1 on c.appellation=dv1.id
    join tbl_user u1 on c.owner=u1.id
    left join tbl_dic_value dv2 on c.state=dv2.id
    left join tbl_dic_value dv3 on c.source=dv3.id
    join tbl_user u2 on c.create_by=u2.id
    left join tbl_user u3 on c.edit_by=u3.id
    where c.id=#{id}
  </select>

  <select id="selectClueById" parameterType="string" resultMap="BaseResultMap">
    select
    <include refid="Base_Column_List"/>
    from tbl_clue
    where id=#{id}
  </select>

  <delete id="deleteClueById" parameterType="string">
    delete from tbl_clue where id=#{id}
  </delete>
</mapper>