<?xml version="1.0" encoding="UTF-8" ?>
<!DOCTYPE mapper PUBLIC "-//mybatis.org//DTD Mapper 3.0//EN" "http://mybatis.org/dtd/mybatis-3-mapper.dtd" >
<mapper namespace="com.bjpowernode.crm.workbench.mapper.ContactsActivityRelationMapper" >
  <resultMap id="BaseResultMap" type="com.bjpowernode.crm.workbench.domain.ContactsActivityRelation" >
    <!--
      WARNING - @mbggenerated
      This element is automatically generated by MyBatis Generator, do not modify.
      This element was generated on Wed Nov 11 14:46:55 CST 2020.
    -->
    <id column="id" property="id" jdbcType="CHAR" />
    <result column="contacts_id" property="contactsId" jdbcType="CHAR" />
    <result column="activity_id" property="activityId" jdbcType="CHAR" />
  </resultMap>
  <sql id="Base_Column_List" >
    <!--
      WARNING - @mbggenerated
      This element is automatically generated by MyBatis Generator, do not modify.
      This element was generated on Wed Nov 11 14:46:55 CST 2020.
    -->
    id, contacts_id, activity_id
  </sql>
  <select id="selectByPrimaryKey" resultMap="BaseResultMap" parameterType="java.lang.String" >
    <!--
      WARNING - @mbggenerated
      This element is automatically generated by MyBatis Generator, do not modify.
      This element was generated on Wed Nov 11 14:46:55 CST 2020.
    -->
    select 
    <include refid="Base_Column_List" />
    from tbl_contacts_activity_relation
    where id = #{id,jdbcType=CHAR}
  </select>
  <delete id="deleteByPrimaryKey" parameterType="java.lang.String" >
    <!--
      WARNING - @mbggenerated
      This element is automatically generated by MyBatis Generator, do not modify.
      This element was generated on Wed Nov 11 14:46:55 CST 2020.
    -->
    delete from tbl_contacts_activity_relation
    where id = #{id,jdbcType=CHAR}
  </delete>
  <insert id="insert" parameterType="com.bjpowernode.crm.workbench.domain.ContactsActivityRelation" >
    <!--
      WARNING - @mbggenerated
      This element is automatically generated by MyBatis Generator, do not modify.
      This element was generated on Wed Nov 11 14:46:55 CST 2020.
    -->
    insert into tbl_contacts_activity_relation (id, contacts_id, activity_id
      )
    values (#{id,jdbcType=CHAR}, #{contactsId,jdbcType=CHAR}, #{activityId,jdbcType=CHAR}
      )
  </insert>
  <insert id="insertSelective" parameterType="com.bjpowernode.crm.workbench.domain.ContactsActivityRelation" >
    <!--
      WARNING - @mbggenerated
      This element is automatically generated by MyBatis Generator, do not modify.
      This element was generated on Wed Nov 11 14:46:55 CST 2020.
    -->
    insert into tbl_contacts_activity_relation
    <trim prefix="(" suffix=")" suffixOverrides="," >
      <if test="id != null" >
        id,
      </if>
      <if test="contactsId != null" >
        contacts_id,
      </if>
      <if test="activityId != null" >
        activity_id,
      </if>
    </trim>
    <trim prefix="values (" suffix=")" suffixOverrides="," >
      <if test="id != null" >
        #{id,jdbcType=CHAR},
      </if>
      <if test="contactsId != null" >
        #{contactsId,jdbcType=CHAR},
      </if>
      <if test="activityId != null" >
        #{activityId,jdbcType=CHAR},
      </if>
    </trim>
  </insert>
  <update id="updateByPrimaryKeySelective" parameterType="com.bjpowernode.crm.workbench.domain.ContactsActivityRelation" >
    <!--
      WARNING - @mbggenerated
      This element is automatically generated by MyBatis Generator, do not modify.
      This element was generated on Wed Nov 11 14:46:55 CST 2020.
    -->
    update tbl_contacts_activity_relation
    <set >
      <if test="contactsId != null" >
        contacts_id = #{contactsId,jdbcType=CHAR},
      </if>
      <if test="activityId != null" >
        activity_id = #{activityId,jdbcType=CHAR},
      </if>
    </set>
    where id = #{id,jdbcType=CHAR}
  </update>
  <update id="updateByPrimaryKey" parameterType="com.bjpowernode.crm.workbench.domain.ContactsActivityRelation" >
    <!--
      WARNING - @mbggenerated
      This element is automatically generated by MyBatis Generator, do not modify.
      This element was generated on Wed Nov 11 14:46:55 CST 2020.
    -->
    update tbl_contacts_activity_relation
    set contacts_id = #{contactsId,jdbcType=CHAR},
      activity_id = #{activityId,jdbcType=CHAR}
    where id = #{id,jdbcType=CHAR}
  </update>

  <insert id="insertContactsActivityRelationByList" parameterType="com.bjpowernode.crm.workbench.domain.ContactsActivityRelation">
    insert into tbl_contacts_activity_relation(id,contacts_id,activity_id)
    values
    <foreach collection="list" item="obj" separator=",">
      (#{obj.id},#{obj.contactsId},#{obj.activityId})
    </foreach>
  </insert>
</mapper>