<?xml version="1.0" encoding="UTF-8" ?>
<!DOCTYPE mapper PUBLIC "-//mybatis.org//DTD Mapper 3.0//EN" "http://mybatis.org/dtd/mybatis-3-mapper.dtd" >
<mapper namespace="com.bjpowernode.crm.workbench.mapper.ContactsMapper" >
  <resultMap id="BaseResultMap" type="com.bjpowernode.crm.workbench.domain.Contacts" >
    <!--
      WARNING - @mbggenerated
      This element is automatically generated by MyBatis Generator, do not modify.
      This element was generated on Sun Nov 08 17:22:26 CST 2020.
    -->
    <id column="id" property="id" jdbcType="CHAR" />
    <result column="owner" property="owner" jdbcType="CHAR" />
    <result column="source" property="source" jdbcType="VARCHAR" />
    <result column="customer_id" property="customerId" jdbcType="CHAR" />
    <result column="fullname" property="fullname" jdbcType="VARCHAR" />
    <result column="appellation" property="appellation" jdbcType="VARCHAR" />
    <result column="email" property="email" jdbcType="VARCHAR" />
    <result column="mphone" property="mphone" jdbcType="VARCHAR" />
    <result column="job" property="job" jdbcType="VARCHAR" />
    <result column="create_by" property="createBy" jdbcType="VARCHAR" />
    <result column="create_time" property="createTime" jdbcType="CHAR" />
    <result column="edit_by" property="editBy" jdbcType="VARCHAR" />
    <result column="edit_time" property="editTime" jdbcType="CHAR" />
    <result column="description" property="description" jdbcType="VARCHAR" />
    <result column="contact_summary" property="contactSummary" jdbcType="VARCHAR" />
    <result column="next_contact_time" property="nextContactTime" jdbcType="CHAR" />
    <result column="address" property="address" jdbcType="VARCHAR" />
  </resultMap>
  <sql id="Base_Column_List" >
    <!--
      WARNING - @mbggenerated
      This element is automatically generated by MyBatis Generator, do not modify.
      This element was generated on Sun Nov 08 17:22:26 CST 2020.
    -->
    id, owner, source, customer_id, fullname, appellation, email, mphone, job, create_by, 
    create_time, edit_by, edit_time, description, contact_summary, next_contact_time, 
    address
  </sql>
  <select id="selectByPrimaryKey" resultMap="BaseResultMap" parameterType="java.lang.String" >
    <!--
      WARNING - @mbggenerated
      This element is automatically generated by MyBatis Generator, do not modify.
      This element was generated on Sun Nov 08 17:22:26 CST 2020.
    -->
    select 
    <include refid="Base_Column_List" />
    from tbl_contacts
    where id = #{id,jdbcType=CHAR}
  </select>
  <delete id="deleteByPrimaryKey" parameterType="java.lang.String" >
    <!--
      WARNING - @mbggenerated
      This element is automatically generated by MyBatis Generator, do not modify.
      This element was generated on Sun Nov 08 17:22:26 CST 2020.
    -->
    delete from tbl_contacts
    where id = #{id,jdbcType=CHAR}
  </delete>
  <insert id="insert" parameterType="com.bjpowernode.crm.workbench.domain.Contacts" >
    <!--
      WARNING - @mbggenerated
      This element is automatically generated by MyBatis Generator, do not modify.
      This element was generated on Sun Nov 08 17:22:26 CST 2020.
    -->
    insert into tbl_contacts (id, owner, source, 
      customer_id, fullname, appellation, 
      email, mphone, job, 
      create_by, create_time, edit_by, 
      edit_time, description, contact_summary, 
      next_contact_time, address)
    values (#{id,jdbcType=CHAR}, #{owner,jdbcType=CHAR}, #{source,jdbcType=VARCHAR}, 
      #{customerId,jdbcType=CHAR}, #{fullname,jdbcType=VARCHAR}, #{appellation,jdbcType=VARCHAR}, 
      #{email,jdbcType=VARCHAR}, #{mphone,jdbcType=VARCHAR}, #{job,jdbcType=VARCHAR}, 
      #{createBy,jdbcType=VARCHAR}, #{createTime,jdbcType=CHAR}, #{editBy,jdbcType=VARCHAR}, 
      #{editTime,jdbcType=CHAR}, #{description,jdbcType=VARCHAR}, #{contactSummary,jdbcType=VARCHAR}, 
      #{nextContactTime,jdbcType=CHAR}, #{address,jdbcType=VARCHAR})
  </insert>
  <insert id="insertSelective" parameterType="com.bjpowernode.crm.workbench.domain.Contacts" >
    <!--
      WARNING - @mbggenerated
      This element is automatically generated by MyBatis Generator, do not modify.
      This element was generated on Sun Nov 08 17:22:26 CST 2020.
    -->
    insert into tbl_contacts
    <trim prefix="(" suffix=")" suffixOverrides="," >
      <if test="id != null" >
        id,
      </if>
      <if test="owner != null" >
        owner,
      </if>
      <if test="source != null" >
        source,
      </if>
      <if test="customerId != null" >
        customer_id,
      </if>
      <if test="fullname != null" >
        fullname,
      </if>
      <if test="appellation != null" >
        appellation,
      </if>
      <if test="email != null" >
        email,
      </if>
      <if test="mphone != null" >
        mphone,
      </if>
      <if test="job != null" >
        job,
      </if>
      <if test="createBy != null" >
        create_by,
      </if>
      <if test="createTime != null" >
        create_time,
      </if>
      <if test="editBy != null" >
        edit_by,
      </if>
      <if test="editTime != null" >
        edit_time,
      </if>
      <if test="description != null" >
        description,
      </if>
      <if test="contactSummary != null" >
        contact_summary,
      </if>
      <if test="nextContactTime != null" >
        next_contact_time,
      </if>
      <if test="address != null" >
        address,
      </if>
    </trim>
    <trim prefix="values (" suffix=")" suffixOverrides="," >
      <if test="id != null" >
        #{id,jdbcType=CHAR},
      </if>
      <if test="owner != null" >
        #{owner,jdbcType=CHAR},
      </if>
      <if test="source != null" >
        #{source,jdbcType=VARCHAR},
      </if>
      <if test="customerId != null" >
        #{customerId,jdbcType=CHAR},
      </if>
      <if test="fullname != null" >
        #{fullname,jdbcType=VARCHAR},
      </if>
      <if test="appellation != null" >
        #{appellation,jdbcType=VARCHAR},
      </if>
      <if test="email != null" >
        #{email,jdbcType=VARCHAR},
      </if>
      <if test="mphone != null" >
        #{mphone,jdbcType=VARCHAR},
      </if>
      <if test="job != null" >
        #{job,jdbcType=VARCHAR},
      </if>
      <if test="createBy != null" >
        #{createBy,jdbcType=VARCHAR},
      </if>
      <if test="createTime != null" >
        #{createTime,jdbcType=CHAR},
      </if>
      <if test="editBy != null" >
        #{editBy,jdbcType=VARCHAR},
      </if>
      <if test="editTime != null" >
        #{editTime,jdbcType=CHAR},
      </if>
      <if test="description != null" >
        #{description,jdbcType=VARCHAR},
      </if>
      <if test="contactSummary != null" >
        #{contactSummary,jdbcType=VARCHAR},
      </if>
      <if test="nextContactTime != null" >
        #{nextContactTime,jdbcType=CHAR},
      </if>
      <if test="address != null" >
        #{address,jdbcType=VARCHAR},
      </if>
    </trim>
  </insert>
  <update id="updateByPrimaryKeySelective" parameterType="com.bjpowernode.crm.workbench.domain.Contacts" >
    <!--
      WARNING - @mbggenerated
      This element is automatically generated by MyBatis Generator, do not modify.
      This element was generated on Sun Nov 08 17:22:26 CST 2020.
    -->
    update tbl_contacts
    <set >
      <if test="owner != null" >
        owner = #{owner,jdbcType=CHAR},
      </if>
      <if test="source != null" >
        source = #{source,jdbcType=VARCHAR},
      </if>
      <if test="customerId != null" >
        customer_id = #{customerId,jdbcType=CHAR},
      </if>
      <if test="fullname != null" >
        fullname = #{fullname,jdbcType=VARCHAR},
      </if>
      <if test="appellation != null" >
        appellation = #{appellation,jdbcType=VARCHAR},
      </if>
      <if test="email != null" >
        email = #{email,jdbcType=VARCHAR},
      </if>
      <if test="mphone != null" >
        mphone = #{mphone,jdbcType=VARCHAR},
      </if>
      <if test="job != null" >
        job = #{job,jdbcType=VARCHAR},
      </if>
      <if test="createBy != null" >
        create_by = #{createBy,jdbcType=VARCHAR},
      </if>
      <if test="createTime != null" >
        create_time = #{createTime,jdbcType=CHAR},
      </if>
      <if test="editBy != null" >
        edit_by = #{editBy,jdbcType=VARCHAR},
      </if>
      <if test="editTime != null" >
        edit_time = #{editTime,jdbcType=CHAR},
      </if>
      <if test="description != null" >
        description = #{description,jdbcType=VARCHAR},
      </if>
      <if test="contactSummary != null" >
        contact_summary = #{contactSummary,jdbcType=VARCHAR},
      </if>
      <if test="nextContactTime != null" >
        next_contact_time = #{nextContactTime,jdbcType=CHAR},
      </if>
      <if test="address != null" >
        address = #{address,jdbcType=VARCHAR},
      </if>
    </set>
    where id = #{id,jdbcType=CHAR}
  </update>
  <update id="updateByPrimaryKey" parameterType="com.bjpowernode.crm.workbench.domain.Contacts" >
    <!--
      WARNING - @mbggenerated
      This element is automatically generated by MyBatis Generator, do not modify.
      This element was generated on Sun Nov 08 17:22:26 CST 2020.
    -->
    update tbl_contacts
    set owner = #{owner,jdbcType=CHAR},
      source = #{source,jdbcType=VARCHAR},
      customer_id = #{customerId,jdbcType=CHAR},
      fullname = #{fullname,jdbcType=VARCHAR},
      appellation = #{appellation,jdbcType=VARCHAR},
      email = #{email,jdbcType=VARCHAR},
      mphone = #{mphone,jdbcType=VARCHAR},
      job = #{job,jdbcType=VARCHAR},
      create_by = #{createBy,jdbcType=VARCHAR},
      create_time = #{createTime,jdbcType=CHAR},
      edit_by = #{editBy,jdbcType=VARCHAR},
      edit_time = #{editTime,jdbcType=CHAR},
      description = #{description,jdbcType=VARCHAR},
      contact_summary = #{contactSummary,jdbcType=VARCHAR},
      next_contact_time = #{nextContactTime,jdbcType=CHAR},
      address = #{address,jdbcType=VARCHAR}
    where id = #{id,jdbcType=CHAR}
  </update>

  <insert id="insertContacts" parameterType="com.bjpowernode.crm.workbench.domain.Contacts">
    insert into tbl_contacts(id, owner, source, customer_id, fullname, appellation, email, mphone, job, create_by,create_time,description, contact_summary, next_contact_time,address)
    values (#{id},#{ owner},#{ source},#{ customerId},#{ fullname},#{ appellation},#{ email},#{ mphone},#{ job},#{ createBy},#{createTime},#{description},#{ contactSummary},#{ nextContactTime},#{address})
  </insert>
</mapper>