<?xml version="1.0" encoding="UTF-8" ?>
<!DOCTYPE mapper PUBLIC "-//mybatis.org//DTD Mapper 3.0//EN" "http://mybatis.org/dtd/mybatis-3-mapper.dtd" >
<mapper namespace="com.bjpowernode.crm.workbench.mapper.CustomerMapper" >
  <resultMap id="BaseResultMap" type="com.bjpowernode.crm.workbench.domain.Customer" >
    <!--
      WARNING - @mbggenerated
      This element is automatically generated by MyBatis Generator, do not modify.
      This element was generated on Sun Nov 08 16:20:36 CST 2020.
    -->
    <id column="id" property="id" jdbcType="CHAR" />
    <result column="owner" property="owner" jdbcType="CHAR" />
    <result column="name" property="name" jdbcType="VARCHAR" />
    <result column="website" property="website" jdbcType="VARCHAR" />
    <result column="phone" property="phone" jdbcType="VARCHAR" />
    <result column="create_by" property="createBy" jdbcType="VARCHAR" />
    <result column="create_time" property="createTime" jdbcType="CHAR" />
    <result column="edit_by" property="editBy" jdbcType="VARCHAR" />
    <result column="edit_time" property="editTime" jdbcType="CHAR" />
    <result column="contact_summary" property="contactSummary" jdbcType="VARCHAR" />
    <result column="next_contact_time" property="nextContactTime" jdbcType="CHAR" />
    <result column="description" property="description" jdbcType="VARCHAR" />
    <result column="address" property="address" jdbcType="VARCHAR" />
  </resultMap>
  <sql id="Base_Column_List" >
    <!--
      WARNING - @mbggenerated
      This element is automatically generated by MyBatis Generator, do not modify.
      This element was generated on Sun Nov 08 16:20:36 CST 2020.
    -->
    id, owner, name, website, phone, create_by, create_time, edit_by, edit_time, contact_summary, 
    next_contact_time, description, address
  </sql>
  <select id="selectByPrimaryKey" resultMap="BaseResultMap" parameterType="java.lang.String" >
    <!--
      WARNING - @mbggenerated
      This element is automatically generated by MyBatis Generator, do not modify.
      This element was generated on Sun Nov 08 16:20:36 CST 2020.
    -->
    select 
    <include refid="Base_Column_List" />
    from tbl_customer
    where id = #{id,jdbcType=CHAR}
  </select>
  <delete id="deleteByPrimaryKey" parameterType="java.lang.String" >
    <!--
      WARNING - @mbggenerated
      This element is automatically generated by MyBatis Generator, do not modify.
      This element was generated on Sun Nov 08 16:20:36 CST 2020.
    -->
    delete from tbl_customer
    where id = #{id,jdbcType=CHAR}
  </delete>
  <insert id="insert" parameterType="com.bjpowernode.crm.workbench.domain.Customer" >
    <!--
      WARNING - @mbggenerated
      This element is automatically generated by MyBatis Generator, do not modify.
      This element was generated on Sun Nov 08 16:20:36 CST 2020.
    -->
    insert into tbl_customer (id, owner, name, website, 
      phone, create_by, create_time, 
      edit_by, edit_time, contact_summary, 
      next_contact_time, description, address
      )
    values (#{id,jdbcType=CHAR}, #{owner,jdbcType=CHAR}, #{name,jdbcType=VARCHAR}, #{website,jdbcType=VARCHAR}, 
      #{phone,jdbcType=VARCHAR}, #{createBy,jdbcType=VARCHAR}, #{createTime,jdbcType=CHAR}, 
      #{editBy,jdbcType=VARCHAR}, #{editTime,jdbcType=CHAR}, #{contactSummary,jdbcType=VARCHAR}, 
      #{nextContactTime,jdbcType=CHAR}, #{description,jdbcType=VARCHAR}, #{address,jdbcType=VARCHAR}
      )
  </insert>
  <insert id="insertSelective" parameterType="com.bjpowernode.crm.workbench.domain.Customer" >
    <!--
      WARNING - @mbggenerated
      This element is automatically generated by MyBatis Generator, do not modify.
      This element was generated on Sun Nov 08 16:20:36 CST 2020.
    -->
    insert into tbl_customer
    <trim prefix="(" suffix=")" suffixOverrides="," >
      <if test="id != null" >
        id,
      </if>
      <if test="owner != null" >
        owner,
      </if>
      <if test="name != null" >
        name,
      </if>
      <if test="website != null" >
        website,
      </if>
      <if test="phone != null" >
        phone,
      </if>
      <if test="createBy != null" >
        create_by,
      </if>
      <if test="createTime != null" >
        create_time,
      </if>
      <if test="editBy != null" >
        edit_by,
      </if>
      <if test="editTime != null" >
        edit_time,
      </if>
      <if test="contactSummary != null" >
        contact_summary,
      </if>
      <if test="nextContactTime != null" >
        next_contact_time,
      </if>
      <if test="description != null" >
        description,
      </if>
      <if test="address != null" >
        address,
      </if>
    </trim>
    <trim prefix="values (" suffix=")" suffixOverrides="," >
      <if test="id != null" >
        #{id,jdbcType=CHAR},
      </if>
      <if test="owner != null" >
        #{owner,jdbcType=CHAR},
      </if>
      <if test="name != null" >
        #{name,jdbcType=VARCHAR},
      </if>
      <if test="website != null" >
        #{website,jdbcType=VARCHAR},
      </if>
      <if test="phone != null" >
        #{phone,jdbcType=VARCHAR},
      </if>
      <if test="createBy != null" >
        #{createBy,jdbcType=VARCHAR},
      </if>
      <if test="createTime != null" >
        #{createTime,jdbcType=CHAR},
      </if>
      <if test="editBy != null" >
        #{editBy,jdbcType=VARCHAR},
      </if>
      <if test="editTime != null" >
        #{editTime,jdbcType=CHAR},
      </if>
      <if test="contactSummary != null" >
        #{contactSummary,jdbcType=VARCHAR},
      </if>
      <if test="nextContactTime != null" >
        #{nextContactTime,jdbcType=CHAR},
      </if>
      <if test="description != null" >
        #{description,jdbcType=VARCHAR},
      </if>
      <if test="address != null" >
        #{address,jdbcType=VARCHAR},
      </if>
    </trim>
  </insert>
  <update id="updateByPrimaryKeySelective" parameterType="com.bjpowernode.crm.workbench.domain.Customer" >
    <!--
      WARNING - @mbggenerated
      This element is automatically generated by MyBatis Generator, do not modify.
      This element was generated on Sun Nov 08 16:20:36 CST 2020.
    -->
    update tbl_customer
    <set >
      <if test="owner != null" >
        owner = #{owner,jdbcType=CHAR},
      </if>
      <if test="name != null" >
        name = #{name,jdbcType=VARCHAR},
      </if>
      <if test="website != null" >
        website = #{website,jdbcType=VARCHAR},
      </if>
      <if test="phone != null" >
        phone = #{phone,jdbcType=VARCHAR},
      </if>
      <if test="createBy != null" >
        create_by = #{createBy,jdbcType=VARCHAR},
      </if>
      <if test="createTime != null" >
        create_time = #{createTime,jdbcType=CHAR},
      </if>
      <if test="editBy != null" >
        edit_by = #{editBy,jdbcType=VARCHAR},
      </if>
      <if test="editTime != null" >
        edit_time = #{editTime,jdbcType=CHAR},
      </if>
      <if test="contactSummary != null" >
        contact_summary = #{contactSummary,jdbcType=VARCHAR},
      </if>
      <if test="nextContactTime != null" >
        next_contact_time = #{nextContactTime,jdbcType=CHAR},
      </if>
      <if test="description != null" >
        description = #{description,jdbcType=VARCHAR},
      </if>
      <if test="address != null" >
        address = #{address,jdbcType=VARCHAR},
      </if>
    </set>
    where id = #{id,jdbcType=CHAR}
  </update>
  <update id="updateByPrimaryKey" parameterType="com.bjpowernode.crm.workbench.domain.Customer" >
    <!--
      WARNING - @mbggenerated
      This element is automatically generated by MyBatis Generator, do not modify.
      This element was generated on Sun Nov 08 16:20:36 CST 2020.
    -->
    update tbl_customer
    set owner = #{owner,jdbcType=CHAR},
      name = #{name,jdbcType=VARCHAR},
      website = #{website,jdbcType=VARCHAR},
      phone = #{phone,jdbcType=VARCHAR},
      create_by = #{createBy,jdbcType=VARCHAR},
      create_time = #{createTime,jdbcType=CHAR},
      edit_by = #{editBy,jdbcType=VARCHAR},
      edit_time = #{editTime,jdbcType=CHAR},
      contact_summary = #{contactSummary,jdbcType=VARCHAR},
      next_contact_time = #{nextContactTime,jdbcType=CHAR},
      description = #{description,jdbcType=VARCHAR},
      address = #{address,jdbcType=VARCHAR}
    where id = #{id,jdbcType=CHAR}
  </update>

  <insert id="insertCustomer" parameterType="com.bjpowernode.crm.workbench.domain.Customer">
    insert into tbl_customer(id, owner, name, website, phone, create_by, create_time, contact_summary,next_contact_time, description, address)
    values (#{id},#{ owner},#{ name},#{ website},#{ phone},#{ createBy},#{ createTime},#{ contactSummary},#{nextContactTime},#{ description},#{ address})
  </insert>

  <select id="selectCustomerNameByName" parameterType="string" resultType="string">
    select name
    from tbl_customer
    where name like '%' #{name} '%'
  </select>

  <select id="selectCustomerByName" parameterType="string" resultMap="BaseResultMap">
    select
    <include refid="Base_Column_List"/>
    from tbl_customer
    where name=#{name}
  </select>
</mapper>