<?xml version="1.0" encoding="UTF-8" ?>
<!DOCTYPE mapper PUBLIC "-//mybatis.org//DTD Mapper 3.0//EN" "http://mybatis.org/dtd/mybatis-3-mapper.dtd" >
<mapper namespace="com.bjpowernode.crm.workbench.mapper.TranHistoryMapper" >
  <resultMap id="BaseResultMap" type="com.bjpowernode.crm.workbench.domain.TranHistory" >
    <!--
      WARNING - @mbggenerated
      This element is automatically generated by MyBatis Generator, do not modify.
      This element was generated on Fri Nov 13 14:32:24 CST 2020.
    -->
    <id column="id" property="id" jdbcType="CHAR" />
    <result column="stage" property="stage" jdbcType="VARCHAR" />
    <result column="money" property="money" jdbcType="VARCHAR" />
    <result column="expected_date" property="expectedDate" jdbcType="CHAR" />
    <result column="create_time" property="createTime" jdbcType="CHAR" />
    <result column="create_by" property="createBy" jdbcType="VARCHAR" />
    <result column="tran_id" property="tranId" jdbcType="CHAR" />
  </resultMap>
  <sql id="Base_Column_List" >
    <!--
      WARNING - @mbggenerated
      This element is automatically generated by MyBatis Generator, do not modify.
      This element was generated on Fri Nov 13 14:32:24 CST 2020.
    -->
    id, stage, money, expected_date, create_time, create_by, tran_id
  </sql>
  <select id="selectByPrimaryKey" resultMap="BaseResultMap" parameterType="java.lang.String" >
    <!--
      WARNING - @mbggenerated
      This element is automatically generated by MyBatis Generator, do not modify.
      This element was generated on Fri Nov 13 14:32:24 CST 2020.
    -->
    select 
    <include refid="Base_Column_List" />
    from tbl_tran_history
    where id = #{id,jdbcType=CHAR}
  </select>
  <delete id="deleteByPrimaryKey" parameterType="java.lang.String" >
    <!--
      WARNING - @mbggenerated
      This element is automatically generated by MyBatis Generator, do not modify.
      This element was generated on Fri Nov 13 14:32:24 CST 2020.
    -->
    delete from tbl_tran_history
    where id = #{id,jdbcType=CHAR}
  </delete>
  <insert id="insert" parameterType="com.bjpowernode.crm.workbench.domain.TranHistory" >
    <!--
      WARNING - @mbggenerated
      This element is automatically generated by MyBatis Generator, do not modify.
      This element was generated on Fri Nov 13 14:32:24 CST 2020.
    -->
    insert into tbl_tran_history (id, stage, money, 
      expected_date, create_time, create_by, 
      tran_id)
    values (#{id,jdbcType=CHAR}, #{stage,jdbcType=VARCHAR}, #{money,jdbcType=VARCHAR}, 
      #{expectedDate,jdbcType=CHAR}, #{createTime,jdbcType=CHAR}, #{createBy,jdbcType=VARCHAR}, 
      #{tranId,jdbcType=CHAR})
  </insert>
  <insert id="insertSelective" parameterType="com.bjpowernode.crm.workbench.domain.TranHistory" >
    <!--
      WARNING - @mbggenerated
      This element is automatically generated by MyBatis Generator, do not modify.
      This element was generated on Fri Nov 13 14:32:24 CST 2020.
    -->
    insert into tbl_tran_history
    <trim prefix="(" suffix=")" suffixOverrides="," >
      <if test="id != null" >
        id,
      </if>
      <if test="stage != null" >
        stage,
      </if>
      <if test="money != null" >
        money,
      </if>
      <if test="expectedDate != null" >
        expected_date,
      </if>
      <if test="createTime != null" >
        create_time,
      </if>
      <if test="createBy != null" >
        create_by,
      </if>
      <if test="tranId != null" >
        tran_id,
      </if>
    </trim>
    <trim prefix="values (" suffix=")" suffixOverrides="," >
      <if test="id != null" >
        #{id,jdbcType=CHAR},
      </if>
      <if test="stage != null" >
        #{stage,jdbcType=VARCHAR},
      </if>
      <if test="money != null" >
        #{money,jdbcType=VARCHAR},
      </if>
      <if test="expectedDate != null" >
        #{expectedDate,jdbcType=CHAR},
      </if>
      <if test="createTime != null" >
        #{createTime,jdbcType=CHAR},
      </if>
      <if test="createBy != null" >
        #{createBy,jdbcType=VARCHAR},
      </if>
      <if test="tranId != null" >
        #{tranId,jdbcType=CHAR},
      </if>
    </trim>
  </insert>
  <update id="updateByPrimaryKeySelective" parameterType="com.bjpowernode.crm.workbench.domain.TranHistory" >
    <!--
      WARNING - @mbggenerated
      This element is automatically generated by MyBatis Generator, do not modify.
      This element was generated on Fri Nov 13 14:32:24 CST 2020.
    -->
    update tbl_tran_history
    <set >
      <if test="stage != null" >
        stage = #{stage,jdbcType=VARCHAR},
      </if>
      <if test="money != null" >
        money = #{money,jdbcType=VARCHAR},
      </if>
      <if test="expectedDate != null" >
        expected_date = #{expectedDate,jdbcType=CHAR},
      </if>
      <if test="createTime != null" >
        create_time = #{createTime,jdbcType=CHAR},
      </if>
      <if test="createBy != null" >
        create_by = #{createBy,jdbcType=VARCHAR},
      </if>
      <if test="tranId != null" >
        tran_id = #{tranId,jdbcType=CHAR},
      </if>
    </set>
    where id = #{id,jdbcType=CHAR}
  </update>
  <update id="updateByPrimaryKey" parameterType="com.bjpowernode.crm.workbench.domain.TranHistory" >
    <!--
      WARNING - @mbggenerated
      This element is automatically generated by MyBatis Generator, do not modify.
      This element was generated on Fri Nov 13 14:32:24 CST 2020.
    -->
    update tbl_tran_history
    set stage = #{stage,jdbcType=VARCHAR},
      money = #{money,jdbcType=VARCHAR},
      expected_date = #{expectedDate,jdbcType=CHAR},
      create_time = #{createTime,jdbcType=CHAR},
      create_by = #{createBy,jdbcType=VARCHAR},
      tran_id = #{tranId,jdbcType=CHAR}
    where id = #{id,jdbcType=CHAR}
  </update>

  <insert id="insertTranHistory" parameterType="com.bjpowernode.crm.workbench.domain.TranHistory">
    insert into tbl_tran_history(id, stage, money, expected_date, create_time, create_by, tran_id)
    values (#{id},#{ stage},#{ money},#{ expectedDate},#{ createTime},#{ createBy},#{ tranId})
  </insert>

  <select id="selectTranHistoryForDetailByTranId" parameterType="string" resultMap="BaseResultMap">
    select dv.value as stage,th.money,th.expected_date,th.create_time,u.name as create_by
    from tbl_tran_history th
    join tbl_dic_value dv on th.stage=dv.id
    join tbl_user u on th.create_by=u.id
    where th.tran_id=#{tranId}
    order by th.create_time asc
  </select>
</mapper>